{
  "zip": {
    "walk": {
      "10": [
        0.0,
        0.1705721182228149
      ],
      "15": [
        0.0010973249766206136,
        0.39256888849432403
      ],
      "20": [
        0.08372746221799736,
        0.6722645563410846
      ]
    },
    "walk_transit": {
      "10": [
        0.01987197700561686,
        0.2217753772266966
      ],
      "15": [
        0.045546808012451756,
        0.4146381044939624
      ],
      "20": [
        0.1526893757351992,
        0.6921415230466613
      ]
    }
  },
  "tract_subgrid": {
    "walk": {
      "10": [
        0.0,
        0.0
      ],
      "15": [
        0.0,
        0.2926923458954355
      ],
      "20": [
        0.0,
        1.0
      ]
    },
    "walk_transit": {
      "10": [
        0.0,
        0.0
      ],
      "15": [
        0.0,
        0.5477746021877916
      ],
      "20": [
        0.0,
        1.0
      ]
    }
  },
  "metro_grid": {
    "walk": {
      "10": [
        0.0,
        0.0
      ],
      "15": [
        0.0,
        0.0969762019490345
      ],
      "20": [
        0.0,
        1.0
      ]
    },
    "walk_transit": {
      "10": [
        0.0,
        0.0
      ],
      "15": [
        0.0,
        0.27481813199712674
      ],
      "20": [
        0.0,
        1.0
      ]
    }
  },
  "tract": {
    "walk": {
      "10": [
        0.0,
        0.26173273281742604
      ],
      "15": [
        0.0008716941122612756,
        0.7404840523479459
      ],
      "20": [
        0.23633404639565653,
        1.0
      ]
    },
    "walk_transit": {
      "10": [
        0.0,
        0.36560274245619717
      ],
      "15": [
        0.07041559792596486,
        0.7615714287034453
      ],
      "20": [
        0.29195105024468865,
        1.0
      ]
    }
  }
}