{
  "zip": {
    "walk": {
      "10": [
        0.0,
        0.12764991871908296
      ],
      "15": [
        0.0020634449811149317,
        0.32023931480725387
      ],
      "20": [
        0.06530214464076155,
        0.6705782637993742
      ]
    },
    "walk_transit": {
      "10": [
        0.017876685206319874,
        0.24745520639059865
      ],
      "15": [
        0.056030883040876646,
        0.41847640369800637
      ],
      "20": [
        0.09626089850243888,
        0.7329498591305579
      ]
    }
  },
  "tract_subgrid": {
    "walk": {
      "10": [
        0.0,
        0.0
      ],
      "15": [
        0.0,
        0.0
      ],
      "20": [
        0.0,
        0.9848204301234678
      ]
    },
    "walk_transit": {
      "10": [
        0.0,
        0.0
      ],
      "15": [
        0.0,
        0.13235023912721072
      ],
      "20": [
        0.0,
        0.9999540058001235
      ]
    }
  },
  "metro_grid": {
    "walk": {
      "10": [
        0.0,
        0.0
      ],
      "15": [
        0.0,
        0.0
      ],
      "20": [
        0.0,
        0.7372044245030154
      ]
    },
    "walk_transit": {
      "10": [
        0.0,
        0.0
      ],
      "15": [
        0.0,
        0.04586712368948152
      ],
      "20": [
        0.0,
        0.8400390995447097
      ]
    }
  },
  "tract": {
    "walk": {
      "10": [
        0.0,
        0.16703564899232598
      ],
      "15": [
        0.0,
        0.6025055238191107
      ],
      "20": [
        0.1130436610133504,
        0.9734140066711267
      ]
    },
    "walk_transit": {
      "10": [
        0.013558965522659134,
        0.30809915351804795
      ],
      "15": [
        0.09705736831897674,
        0.6406741581771521
      ],
      "20": [
        0.2331788770155051,
        0.9786947019069373
      ]
    }
  }
}