{
  "zip": {
    "walk": {
      "10": [
        0.004065107125087686,
        0.09596563161933759
      ],
      "15": [
        0.015584538771761493,
        0.2544368153929794
      ],
      "20": [
        0.08594918698309595,
        0.43468029066868824
      ]
    },
    "walk_transit": {
      "10": [
        0.019047007000509444,
        0.15385097001862877
      ],
      "15": [
        0.03501021275922849,
        0.29028384784559336
      ],
      "20": [
        0.08881766350890417,
        0.4876278233585916
      ]
    }
  },
  "tract_subgrid": {
    "walk": {
      "10": [
        0.0,
        0.0
      ],
      "15": [
        0.0,
        0.0
      ],
      "20": [
        0.0,
        0.0
      ]
    },
    "walk_transit": {
      "10": [
        0.0,
        0.0
      ],
      "15": [
        0.0,
        0.0
      ],
      "20": [
        0.0,
        0.04188570906738135
      ]
    }
  },
  "metro_grid": {
    "walk": {
      "10": [
        0.0,
        0.0
      ],
      "15": [
        0.0,
        0.0
      ],
      "20": [
        0.0,
        0.0
      ]
    },
    "walk_transit": {
      "10": [
        0.0,
        0.0
      ],
      "15": [
        0.0,
        0.0
      ],
      "20": [
        0.0,
        0.0001651792329191855
      ]
    }
  },
  "tract": {
    "walk": {
      "10": [
        0.0,
        0.10076680011350178
      ],
      "15": [
        0.0,
        0.3426128997057646
      ],
      "20": [
        0.0033179303404364093,
        0.6548160530178411
      ]
    },
    "walk_transit": {
      "10": [
        0.00022237321179569325,
        0.18918451434420383
      ],
      "15": [
        0.024930820558982464,
        0.3990483575457129
      ],
      "20": [
        0.07010538356085988,
        0.674770725578058
      ]
    }
  }
}