{
  "zip": {
    "walk": {
      "10": [
        0.0,
        0.2371829960888198
      ],
      "15": [
        0.0,
        0.5160602857830812
      ],
      "20": [
        0.0,
        0.7921575610866399
      ]
    },
    "walk_transit": {
      "10": [
        5.7210467834105856e-05,
        0.30193322298298625
      ],
      "15": [
        0.012208976157399132,
        0.5555794724574286
      ],
      "20": [
        0.03293488008773198,
        0.8016424570527197
      ]
    }
  },
  "tract_subgrid": {
    "walk": {
      "10": [
        0.0,
        0.0
      ],
      "15": [
        0.0,
        0.0
      ],
      "20": [
        0.0,
        0.0
      ]
    },
    "walk_transit": {
      "10": [
        0.0,
        0.0
      ],
      "15": [
        0.0,
        0.0
      ],
      "20": [
        0.0,
        0.0
      ]
    }
  },
  "metro_grid": {
    "walk": {
      "10": [
        0.0,
        0.0
      ],
      "15": [
        0.0,
        0.0
      ],
      "20": [
        0.0,
        0.0
      ]
    },
    "walk_transit": {
      "10": [
        0.0,
        0.0
      ],
      "15": [
        0.0,
        0.0
      ],
      "20": [
        0.0,
        0.0
      ]
    }
  },
  "tract": {
    "walk": {
      "10": [
        0.0,
        0.060997408804740715
      ],
      "15": [
        0.0,
        0.6296622994006311
      ],
      "20": [
        0.0,
        1.0
      ]
    },
    "walk_transit": {
      "10": [
        0.0,
        0.2451782810882144
      ],
      "15": [
        0.0,
        0.6755312189721119
      ],
      "20": [
        0.0,
        1.0
      ]
    }
  }
}