{
  "zip": {
    "walk": {
      "10": [
        9.9407226311588e-05,
        0.08834839780569641
      ],
      "15": [
        0.013043397993174376,
        0.20837804019333886
      ],
      "20": [
        0.025020437768964787,
        0.3241090822749791
      ]
    },
    "walk_transit": {
      "10": [
        0.008921667653026261,
        0.09483722057164912
      ],
      "15": [
        0.021055011228803416,
        0.20862352006014231
      ],
      "20": [
        0.029865318062395025,
        0.33110801627328096
      ]
    }
  },
  "tract_subgrid": {
    "walk": {
      "10": [
        0.0,
        0.0
      ],
      "15": [
        0.0,
        0.0
      ],
      "20": [
        0.0,
        0.0
      ]
    },
    "walk_transit": {
      "10": [
        0.0,
        0.0
      ],
      "15": [
        0.0,
        0.0
      ],
      "20": [
        0.0,
        0.0
      ]
    }
  },
  "metro_grid": {
    "walk": {
      "10": [
        0.0,
        0.0
      ],
      "15": [
        0.0,
        0.0
      ],
      "20": [
        0.0,
        0.0
      ]
    },
    "walk_transit": {
      "10": [
        0.0,
        0.0
      ],
      "15": [
        0.0,
        0.0
      ],
      "20": [
        0.0,
        0.0
      ]
    }
  },
  "tract": {
    "walk": {
      "10": [
        0.0,
        0.11124195468556827
      ],
      "15": [
        0.0,
        0.3252165123583375
      ],
      "20": [
        0.01698850860657132,
        0.6615409634404911
      ]
    },
    "walk_transit": {
      "10": [
        0.0,
        0.13815611370130845
      ],
      "15": [
        0.010084849776332915,
        0.3350166107085499
      ],
      "20": [
        0.04692343201863692,
        0.6867610485432362
      ]
    }
  }
}