{
  "zip": {
    "walk": {
      "10": [
        2.2747435602721206e-05,
        0.0816345597532032
      ],
      "15": [
        0.039172396682086386,
        0.2351889519862973
      ],
      "20": [
        0.13693839367160585,
        0.4325898775696257
      ]
    },
    "walk_transit": {
      "10": [
        0.021513712923773416,
        0.12544832538037873
      ],
      "15": [
        0.10923896363017788,
        0.2796020778616514
      ],
      "20": [
        0.1776391027703025,
        0.44558956745869477
      ]
    }
  },
  "tract_subgrid": {
    "walk": {
      "10": [
        0.0,
        0.0
      ],
      "15": [
        0.0,
        0.0
      ],
      "20": [
        0.0,
        0.0
      ]
    },
    "walk_transit": {
      "10": [
        0.0,
        0.0
      ],
      "15": [
        0.0,
        0.0
      ],
      "20": [
        0.0,
        0.0
      ]
    }
  },
  "metro_grid": {
    "walk": {
      "10": [
        0.0,
        0.0
      ],
      "15": [
        0.0,
        0.0
      ],
      "20": [
        0.0,
        0.0
      ]
    },
    "walk_transit": {
      "10": [
        0.0,
        0.0
      ],
      "15": [
        0.0,
        0.0
      ],
      "20": [
        0.0,
        0.0
      ]
    }
  },
  "tract": {
    "walk": {
      "10": [
        0.0,
        0.07764174951766736
      ],
      "15": [
        0.0001699941773093224,
        0.28272793390324724
      ],
      "20": [
        0.04967121899516073,
        0.5908056350073398
      ]
    },
    "walk_transit": {
      "10": [
        0.007305584776442009,
        0.17251824021207177
      ],
      "15": [
        0.05284558582337874,
        0.34823129188124907
      ],
      "20": [
        0.12051772432416573,
        0.6197414138798528
      ]
    }
  }
}