{
  "zip": {
    "walk": {
      "10": [
        0.006669947146337513,
        0.14229686262275398
      ],
      "15": [
        0.03575204876334825,
        0.3034973813709356
      ],
      "20": [
        0.09605999007425053,
        0.48248172612092327
      ]
    },
    "walk_transit": {
      "10": [
        0.008132306770336259,
        0.178387701564282
      ],
      "15": [
        0.04626110820340895,
        0.32867864073158676
      ],
      "20": [
        0.10656904951431123,
        0.5067646295657179
      ]
    }
  },
  "tract_subgrid": {
    "walk": {
      "10": [
        0.0,
        0.0
      ],
      "15": [
        0.0,
        0.0
      ],
      "20": [
        0.0,
        0.07351918170292306
      ]
    },
    "walk_transit": {
      "10": [
        0.0,
        0.0
      ],
      "15": [
        0.0,
        0.0
      ],
      "20": [
        0.0,
        0.2551468803830745
      ]
    }
  },
  "metro_grid": {
    "walk": {
      "10": [
        0.0,
        0.0
      ],
      "15": [
        0.0,
        0.0
      ],
      "20": [
        0.0,
        0.0
      ]
    },
    "walk_transit": {
      "10": [
        0.0,
        0.0
      ],
      "15": [
        0.0,
        0.0
      ],
      "20": [
        0.0,
        0.04955024448586284
      ]
    }
  },
  "tract": {
    "walk": {
      "10": [
        0.0,
        0.09046211752055154
      ],
      "15": [
        0.0,
        0.39335845103450545
      ],
      "20": [
        0.11382226306935012,
        0.838860079834469
      ]
    },
    "walk_transit": {
      "10": [
        0.0,
        0.2560562206922535
      ],
      "15": [
        0.03786872362385938,
        0.5504024842884419
      ],
      "20": [
        0.15671502862183764,
        0.866704248236056
      ]
    }
  }
}