GEOID,POPULATION,coverage_pct,pop_with_access
33149,12955,0.0,0
33129,14220,0.1902891832733159,2706
33109,390,0.0,0
33131,20558,0.33244071196886577,6834
33130,33938,0.9506476763396904,32263
33128,8729,0.9543212575940446,8330
33101,0,0.9999999999999998,0
33132,15496,0.31076763865582596,4816
33139,38488,0.009949986247329796,383
33136,17065,0.8993078764324454,15347
33146,16171,0.9971020703050738,16124
33133,35445,0.43191398247285845,15309
33145,30450,0.3247646536659054,9889
33134,39420,0.9035373844289718,35617
33144,30343,0.9998805639217618,30339
33135,36678,0.8712525553345161,31956
33126,50886,0.5012827738959007,25508
33125,60347,0.9381830828920299,56617
33122,432,0.0,0
33142,59773,0.59630678989502,35643
33137,22835,0.3338643311221552,7624
33141,38442,0.0,0
33138,29163,0.5195556261286244,15152
33004,16234,0.0,0
33312,55149,0.5634991796944269,31076
33315,13490,0.5790416233726661,7811
33311,75705,0.6511956940271234,49299
33309,39928,0.10084224453245094,4026
33069,29321,0.0,0
33316,10447,0.4088837341027817,4272
33301,15250,0.42150235825806154,6428
33304,17630,0.25935754987487625,4572
33305,12976,0.17212388930464126,2233
33306,3286,0.02237050969100455,74
33334,30333,0.47994434605808045,14558
33308,27226,0.2821829516674616,7683
33060,38637,0.400141976840169,15460
33062,23303,0.8690909378492624,20252
33460,32848,0.14487512121831117,4759
33127,30795,0.6404666227913615,19723
33150,31637,0.6144371326009797,19439
33147,46765,0.08423636772644132,3939
33317,38256,0.0010079974135492418,39
33319,49218,0.9999999999999998,49218
33068,52691,0.0,0
33411,74554,0.034987764744239064,2608
33412,15012,0.0,0
33418,41737,0.0,0
33406,26653,0.03985428103353058,1062
33405,20838,0.5514235330692927,11491
33480,10631,0.0,0
33401,30315,0.13902094441151902,4214
33409,32607,0.2534897129820212,8266
33417,34044,0.2309205466295024,7861
33407,31124,0.002562698944570973,80
33404,29357,0.0,0
