{
  "zip": {
    "walk": {
      "10": [
        1.861812500404782e-05,
        0.051141100884977114
      ],
      "15": [
        0.016598422650453606,
        0.13590015898076838
      ],
      "20": [
        0.07585840474311019,
        0.2512747785838645
      ]
    },
    "walk_transit": {
      "10": [
        0.0026354687616030434,
        0.08369667970565457
      ],
      "15": [
        0.04285882171964311,
        0.1599200587217944
      ],
      "20": [
        0.07869839571040364,
        0.2739776247920829
      ]
    }
  },
  "tract_subgrid": {
    "walk": {
      "10": [
        0.0,
        0.0
      ],
      "15": [
        0.0,
        0.0
      ],
      "20": [
        0.0,
        0.0
      ]
    },
    "walk_transit": {
      "10": [
        0.0,
        0.0
      ],
      "15": [
        0.0,
        0.0
      ],
      "20": [
        0.0,
        0.0
      ]
    }
  },
  "metro_grid": {
    "walk": {
      "10": [
        0.0,
        0.0
      ],
      "15": [
        0.0,
        0.0
      ],
      "20": [
        0.0,
        0.0
      ]
    },
    "walk_transit": {
      "10": [
        0.0,
        0.0
      ],
      "15": [
        0.0,
        0.0
      ],
      "20": [
        0.0,
        0.0
      ]
    }
  },
  "tract": {
    "walk": {
      "10": [
        0.0,
        0.029505127803981755
      ],
      "15": [
        0.0,
        0.18731845627747104
      ],
      "20": [
        0.014166992318878649,
        0.4188223326003712
      ]
    },
    "walk_transit": {
      "10": [
        0.004591583087528269,
        0.09753780791045025
      ],
      "15": [
        0.02195893026253734,
        0.2364553771073777
      ],
      "20": [
        0.06231727346035493,
        0.4690279171196247
      ]
    }
  }
}