GEOID,POPULATION,coverage_pct,pop_with_access
34746,46725,0.02771091487836588,1295
34741,48520,0.4126480503603994,20022
32837,50780,0.0,0
32819,27849,0.39815708928222154,11088
32809,30100,0.002838110498922833,85
34786,46044,0.0,0
32839,53012,0.27763617560854115,14718
32806,26964,0.26248374675123165,7078
32811,39905,0.17925924533629192,7153
32835,47867,0.26716410046033057,12788
34744,60555,0.3190721774537317,19321
34743,45456,0.2512627145493401,11421
32824,51946,0.0,0
32832,29359,0.08180921809717967,2402
32827,9775,0.0009959128869247358,10
32831,3022,0.0,0
32829,20903,0.15884377390902907,3320
32812,35174,0.2444141198840661,8597
32822,64013,0.19945128727261668,12767
32825,60254,0.0,0
32805,19764,0.41974056770866686,8296
32801,12945,0.7735179041148321,10013
32804,18695,0.2758993880651412,5158
32808,60450,0.14977068221487133,9054
32789,25767,0.5221329998849468,13454
32810,38248,0.05352901458103381,2047
32746,46816,0.10555859729433674,4942
32828,69913,4.159608865647094e-06,0
32807,34239,0.523175346040207,17913
32803,20771,0.5437936389290691,11295
32814,8405,0.7688693911939213,6462
32792,52670,0.0,0
32773,31090,0.22155239679065727,6888
32771,57030,0.29386959419332337,16759
