{
  "zip": {
    "walk": {
      "10": [
        0.0,
        0.018122999798791513
      ],
      "15": [
        0.0,
        0.06908807180235538
      ],
      "20": [
        0.0,
        0.14727927010654776
      ]
    },
    "walk_transit": {
      "10": [
        0.0,
        0.03337689630458063
      ],
      "15": [
        0.0,
        0.08390506991784531
      ],
      "20": [
        0.0027803306858100105,
        0.1608044387350695
      ]
    }
  },
  "tract_subgrid": {
    "walk": {
      "10": [
        0.0,
        0.0
      ],
      "15": [
        0.0,
        0.0
      ],
      "20": [
        0.0,
        0.0
      ]
    },
    "walk_transit": {
      "10": [
        0.0,
        0.0
      ],
      "15": [
        0.0,
        0.0
      ],
      "20": [
        0.0,
        0.0
      ]
    }
  },
  "metro_grid": {
    "walk": {
      "10": [
        0.0,
        0.0
      ],
      "15": [
        0.0,
        0.0
      ],
      "20": [
        0.0,
        0.0
      ]
    },
    "walk_transit": {
      "10": [
        0.0,
        0.0
      ],
      "15": [
        0.0,
        0.0
      ],
      "20": [
        0.0,
        0.0
      ]
    }
  },
  "tract": {
    "walk": {
      "10": [
        0.0,
        0.0
      ],
      "15": [
        0.0,
        0.04173542720255527
      ],
      "20": [
        0.0,
        0.2129868475881376
      ]
    },
    "walk_transit": {
      "10": [
        0.0,
        0.01914619166296317
      ],
      "15": [
        0.0,
        0.09046608666405469
      ],
      "20": [
        0.0,
        0.234888099060287
      ]
    }
  }
}