{
  "zip": {
    "walk": {
      "10": [
        0.018792089398542478,
        0.3075243764765549
      ],
      "15": [
        0.09917901028033367,
        0.656843808810368
      ],
      "20": [
        0.34453535977002375,
        0.8761186103754529
      ]
    },
    "walk_transit": {
      "10": [
        0.13799858573408672,
        0.41197844552455604
      ],
      "15": [
        0.1997342654253466,
        0.6764287928100741
      ],
      "20": [
        0.39450911903133284,
        0.8781591130329975
      ]
    }
  },
  "tract_subgrid": {
    "walk": {
      "10": [
        0.0,
        0.0
      ],
      "15": [
        0.0,
        0.0014299432860315905
      ],
      "20": [
        0.0,
        0.9999999999999999
      ]
    },
    "walk_transit": {
      "10": [
        0.0,
        0.0
      ],
      "15": [
        0.0,
        0.44941455573963507
      ],
      "20": [
        0.0,
        0.9999999999999999
      ]
    }
  },
  "metro_grid": {
    "walk": {
      "10": [
        0.0,
        0.0
      ],
      "15": [
        0.0,
        0.0
      ],
      "20": [
        0.0,
        0.4966230604762354
      ]
    },
    "walk_transit": {
      "10": [
        0.0,
        0.0
      ],
      "15": [
        0.0,
        0.08051530457786278
      ],
      "20": [
        0.0,
        0.7561739613208843
      ]
    }
  },
  "tract": {
    "walk": {
      "10": [
        0.0,
        0.37389100126742714
      ],
      "15": [
        0.032776723930899906,
        0.9180187873612298
      ],
      "20": [
        0.3728975346433626,
        1.0
      ]
    },
    "walk_transit": {
      "10": [
        0.11146025423637423,
        0.5710257314064152
      ],
      "15": [
        0.22893737402187125,
        0.9410366143604375
      ],
      "20": [
        0.4821910851390716,
        1.0
      ]
    }
  }
}