{
  "zip": {
    "walk": {
      "10": [
        0.0,
        0.15325556055071132
      ],
      "15": [
        0.0,
        0.30797122271961225
      ],
      "20": [
        0.018093807702443954,
        0.5584153458874649
      ]
    },
    "walk_transit": {
      "10": [
        0.008785496889208898,
        0.2151554669232107
      ],
      "15": [
        0.055627531550986105,
        0.3859867872558692
      ],
      "20": [
        0.18034419320738554,
        0.6360078186453393
      ]
    }
  },
  "tract_subgrid": {
    "walk": {
      "10": [
        0.0,
        0.0
      ],
      "15": [
        0.0,
        0.0
      ],
      "20": [
        0.0,
        0.0
      ]
    },
    "walk_transit": {
      "10": [
        0.0,
        0.0
      ],
      "15": [
        0.0,
        0.0
      ],
      "20": [
        0.0,
        0.0
      ]
    }
  },
  "metro_grid": {
    "walk": {
      "10": [
        0.0,
        0.0
      ],
      "15": [
        0.0,
        0.0
      ],
      "20": [
        0.0,
        0.0
      ]
    },
    "walk_transit": {
      "10": [
        0.0,
        0.0
      ],
      "15": [
        0.0,
        0.0
      ],
      "20": [
        0.0,
        0.0
      ]
    }
  },
  "tract": {
    "walk": {
      "10": [
        0.0,
        0.15076658765783518
      ],
      "15": [
        0.0005383981221460399,
        0.4314964503818564
      ],
      "20": [
        0.1395367027677497,
        0.8087945736434109
      ]
    },
    "walk_transit": {
      "10": [
        0.024775095667136215,
        0.2574816417213339
      ],
      "15": [
        0.09267695229052933,
        0.5252866037229156
      ],
      "20": [
        0.2511837669740867,
        0.8286617745488177
      ]
    }
  }
}