GEOID,POPULATION,coverage_pct,pop_with_access
63090,21671,0.0,0
63068,5685,0.0,0
63332,1656,0.0,0
63014,717,0.0,0
65041,5465,0.0,0
63357,7160,0.0,0
63348,8060,0.0,0
65069,506,0.0,0
63390,10310,0.0,0
63383,15631,0.0,0
63351,1943,0.0,0
63363,1828,0.0,0
63350,562,0.0,0
63349,1916,0.0,0
63381,566,0.0,0
48125,20189,0.2648739689510865,5348
48128,10813,0.19575139755789894,2117
48127,35441,0.4158196394608398,14737
48239,36470,0.29136771809220086,10626
48223,26027,0.23570689404683154,6135
48146,36525,0.9999997707139995,36525
48229,9456,0.0,0
48101,27089,0.0,0
48218,7465,0.0,0
48217,6608,0.0670131997061512,443
48122,10300,0.0,0
48124,28086,0.17865368562744358,5018
48209,30607,0.2857254056500416,8745
48120,7737,0.28305947891118366,2190
48126,47692,0.42117295623162715,20087
48233,0,0.3305574020094341,0
48216,5426,0.8977160451490863,4871
48243,0,0.9999999999999998,0
48226,7324,0.8996508493670706,6589
48201,16040,0.3216434368613604,5159
48208,9134,0.6647122406586237,6071
48207,21282,0.6535827203387594,13910
48214,21317,0.6501012496227981,13858
48202,15611,0.6832388595645945,10666
48215,10855,0.4985379005706594,5412
48210,29663,0.5564136703523129,16505
48228,57698,0.598535751612356,34534
48204,23528,0.5219288328150399,12280
48206,16535,0.7871355715095292,13015
48227,40147,0.820332031751817,32934
48238,25259,0.6765148985623698,17088
48203,22901,0.19402193635418885,4443
48235,46426,0.5806822216188564,26959
48221,40905,0.7998117334181942,32716
48075,21810,0.9585719699084438,20906
48211,6086,0.24311355517762687,1480
48230,16284,0.5081782090673558,8275
48213,22030,0.6342259483725428,13972
48212,39186,0.4237439640957603,16605
48224,42200,0.6528967928792635,27552
48234,33969,0.5992824781418229,20357
48236,29592,0.6637583850421866,19642
48205,33606,0.8555729520636438,28752
48225,14049,0.9651076633369301,13559
48021,32149,0.7598359405591646,24428
48240,16871,0.791235445414939,13349
48219,45503,0.6423253587034359,29228
48033,17247,0.0,0
48220,22639,0.007161766571520982,162
48030,16452,0.9808181337497107,16136
48237,29603,0.9891091462101305,29281
48091,29483,0.35521988806574983,10473
48089,31411,0.9775247383192216,30705
