{
  "zip": {
    "walk": {
      "10": [
        0.0,
        0.03392709828324104
      ],
      "15": [
        4.1655565129636205e-06,
        0.1391735008385903
      ],
      "20": [
        0.00036325808001179416,
        0.3197871329755704
      ]
    },
    "walk_transit": {
      "10": [
        0.0,
        0.06948983723552946
      ],
      "15": [
        0.003394850295065914,
        0.19053165324548024
      ],
      "20": [
        0.010958215439717523,
        0.3440999152918021
      ]
    }
  },
  "tract_subgrid": {
    "walk": {
      "10": [
        0.0,
        0.0
      ],
      "15": [
        0.0,
        0.0
      ],
      "20": [
        0.0,
        0.0
      ]
    },
    "walk_transit": {
      "10": [
        0.0,
        0.0
      ],
      "15": [
        0.0,
        0.0
      ],
      "20": [
        0.0,
        0.0
      ]
    }
  },
  "metro_grid": {
    "walk": {
      "10": [
        0.0,
        0.0
      ],
      "15": [
        0.0,
        0.0
      ],
      "20": [
        0.0,
        0.0
      ]
    },
    "walk_transit": {
      "10": [
        0.0,
        0.0
      ],
      "15": [
        0.0,
        0.0
      ],
      "20": [
        0.0,
        0.0
      ]
    }
  },
  "tract": {
    "walk": {
      "10": [
        0.0,
        0.0
      ],
      "15": [
        0.0,
        0.04607291739747767
      ],
      "20": [
        0.0,
        0.22350142277826296
      ]
    },
    "walk_transit": {
      "10": [
        0.0,
        0.03127216542112589
      ],
      "15": [
        0.0,
        0.12792609183586506
      ],
      "20": [
        0.0,
        0.26707320627486325
      ]
    }
  }
}