{
  "zip": {
    "walk": {
      "10": [
        0.0,
        0.14221162305097987
      ],
      "15": [
        0.0,
        0.26379736418280286
      ],
      "20": [
        0.004051844130383994,
        0.40581971920651516
      ]
    },
    "walk_transit": {
      "10": [
        0.06329994475211831,
        0.17743016005210727
      ],
      "15": [
        0.08132286607496209,
        0.3318058791803011
      ],
      "20": [
        0.09644529059265246,
        0.43351050644231565
      ]
    }
  },
  "tract_subgrid": {
    "walk": {
      "10": [
        0.0,
        0.0
      ],
      "15": [
        0.0,
        0.0
      ],
      "20": [
        0.0,
        0.0
      ]
    },
    "walk_transit": {
      "10": [
        0.0,
        0.0
      ],
      "15": [
        0.0,
        0.0
      ],
      "20": [
        0.0,
        0.009425639209644971
      ]
    }
  },
  "metro_grid": {
    "walk": {
      "10": [
        0.0,
        0.0
      ],
      "15": [
        0.0,
        0.0
      ],
      "20": [
        0.0,
        0.0
      ]
    },
    "walk_transit": {
      "10": [
        0.0,
        0.0
      ],
      "15": [
        0.0,
        0.0
      ],
      "20": [
        0.0,
        0.0
      ]
    }
  },
  "tract": {
    "walk": {
      "10": [
        0.0,
        0.19124610990791052
      ],
      "15": [
        0.0,
        0.529333033140343
      ],
      "20": [
        0.016153747020432933,
        0.8237227295660297
      ]
    },
    "walk_transit": {
      "10": [
        0.03605832603848033,
        0.27451267344480357
      ],
      "15": [
        0.05913019509523698,
        0.5656477634507747
      ],
      "20": [
        0.09732265340156639,
        0.8244324235747723
      ]
    }
  }
}