GEOID,POPULATION,coverage_pct,pop_with_access
98445,31973,0.002923771615097773,93
98444,35604,0.0771666586994584,2747
98499,32174,0.0,0
98408,20670,0.06336026060432977,1310
98467,15381,0.0,0
98404,36749,0.1472565142145707,5412
98409,27918,0.03444335440559741,962
98418,9644,0.07063743700910079,681
98466,29401,0.0011968915022153536,35
98405,23671,0.08923389833916663,2112
98443,5335,0.0,0
98424,11524,0.0,0
98023,50176,0.3699236220409095,18561
98146,27622,0.1001858127034058,2767
98108,24034,0.21966252348773255,5279
98106,27997,0.09511017673747926,2663
98126,22681,0.12869151033860596,2919
98134,779,0.1484382474315963,116
98104,15155,0.9347504432262546,14166
98174,0,1.0,0
98402,6920,0.2677189108066432,1853
98465,6656,0.0417611792675203,278
98421,1346,0.0,0
98406,23052,0.10446590482175297,2408
98416,973,0.38357900707973713,373
98403,8169,0.3776750911943512,3085
98422,21732,0.09574915060606842,2081
98407,21316,0.006695198072103994,143
98136,17083,0.09917568176706107,1694
98116,28705,0.23449925105424013,6731
98168,33217,0.0,0
98178,26507,6.717334220757019e-05,2
98059,40693,0.0,0
98027,30240,0.03734102380315728,1129
98056,36625,0.0,0
98118,49702,0.337145914534914,16757
98006,37473,0.13189095054626263,4942
98040,25820,0.0,0
98144,33175,0.5460044785161129,18114
98008,25650,0.19501809560012476,5002
98164,200,0.9999999999999998,200
98154,0,1.0,0
98101,14380,0.8618677814962573,12394
98122,41152,0.4949948512306504,20370
98121,20534,0.6829075351734614,14023
98109,31011,0.8065552317368577,25012
98102,25887,0.5760429818851752,14912
98119,26898,0.4798205882459007,12906
98195,51,0.6021355698608971,31
98103,54194,0.4454512594357807,24141
98004,37265,0.4325188458267958,16118
98007,28147,0.49660061979172465,13978
98005,21414,0.2613296112569423,5596
98112,25694,0.16884155372291307,4338
98039,3283,0.0,0
98105,52290,0.4003342748439354,20933
98033,39802,0.1704869324658043,6786
98052,71940,0.6132871637853975,44120
98115,55519,0.22550823652164118,12520
98125,44030,0.2510062110260477,11052
98199,23444,0.0824951296936939,1934
98107,28025,0.6805114560878932,19071
98117,36647,0.32500947054715734,11911
98034,45009,0.0,0
98177,20422,0.021227241938317112,434
98133,49476,0.5043761366308672,24955
98155,35420,0.1995408123173473,7068
