{
  "zip": {
    "walk": {
      "10": [
        0.0,
        0.45431480335430546
      ],
      "15": [
        0.024749660669422472,
        0.7709785954165708
      ],
      "20": [
        0.07736607253379744,
        0.9584021633179576
      ]
    },
    "walk_transit": {
      "10": [
        0.03367448584398177,
        0.5123282944699578
      ],
      "15": [
        0.11496830314321736,
        0.7827063624670534
      ],
      "20": [
        0.1366284524696473,
        0.9584627416548677
      ]
    }
  },
  "tract": {
    "walk": {
      "10": [
        0.0,
        0.0
      ],
      "15": [
        0.0,
        0.0
      ],
      "20": [
        0.0,
        0.0
      ]
    },
    "walk_transit": {
      "10": [
        0.0,
        0.0
      ],
      "15": [
        0.0,
        0.0
      ],
      "20": [
        0.0,
        0.0
      ]
    }
  }
}