{
  "zip": {
    "walk": {
      "10": [
        0.0,
        0.021829025776670723
      ],
      "15": [
        0.0,
        0.06863735241123856
      ],
      "20": [
        0.0,
        0.15058810135440284
      ]
    },
    "walk_transit": {
      "10": [
        0.0,
        0.04220932784906591
      ],
      "15": [
        0.0010086119249265641,
        0.09799828481046738
      ],
      "20": [
        0.0024082178622863433,
        0.1657985275497146
      ]
    }
  },
  "tract_subgrid": {
    "walk": {
      "10": [
        0.0,
        0.0
      ],
      "15": [
        0.0,
        0.0
      ],
      "20": [
        0.0,
        0.0
      ]
    },
    "walk_transit": {
      "10": [
        0.0,
        0.0
      ],
      "15": [
        0.0,
        0.0
      ],
      "20": [
        0.0,
        0.0
      ]
    }
  },
  "metro_grid": {
    "walk": {
      "10": [
        0.0,
        0.0
      ],
      "15": [
        0.0,
        0.0
      ],
      "20": [
        0.0,
        0.0
      ]
    },
    "walk_transit": {
      "10": [
        0.0,
        0.0
      ],
      "15": [
        0.0,
        0.0
      ],
      "20": [
        0.0,
        0.0
      ]
    }
  },
  "tract": {
    "walk": {
      "10": [
        0.0,
        0.0
      ],
      "15": [
        0.0,
        0.027108018546040103
      ],
      "20": [
        0.0,
        0.15733342455444219
      ]
    },
    "walk_transit": {
      "10": [
        0.0,
        0.037941767532766346
      ],
      "15": [
        0.0,
        0.08112539299267911
      ],
      "20": [
        0.0,
        0.19914809380345075
      ]
    }
  }
}