{
  "zip": {
    "walk": {
      "10": [
        0.0,
        0.18785456269351844
      ],
      "15": [
        0.08388319023093468,
        0.5968992945519317
      ],
      "20": [
        0.5020856594736224,
        0.9237060517223328
      ]
    },
    "walk_transit": {
      "10": [
        0.08746772216042403,
        0.39148978987992517
      ],
      "15": [
        0.23821862350048453,
        0.6756019444980988
      ],
      "20": [
        0.5959650017982616,
        0.9237060517223328
      ]
    }
  },
  "tract_subgrid": {
    "walk": {
      "10": [
        0.0,
        0.01459262231011834
      ],
      "15": [
        0.0,
        0.9999999999999999
      ],
      "20": [
        0.3021089919991706,
        1.0
      ]
    },
    "walk_transit": {
      "10": [
        0.0,
        0.3818534659569603
      ],
      "15": [
        0.0,
        1.0
      ],
      "20": [
        0.49543696399363213,
        1.0
      ]
    }
  },
  "metro_grid": {
    "walk": {
      "10": [
        0.0,
        0.002169125254722465
      ],
      "15": [
        0.0,
        0.9968563614907056
      ],
      "20": [
        0.050750933465248525,
        1.0
      ]
    },
    "walk_transit": {
      "10": [
        0.0,
        0.2585934435525454
      ],
      "15": [
        0.0,
        0.9999976828639698
      ],
      "20": [
        0.21352890662477197,
        1.0
      ]
    }
  },
  "tract": {
    "walk": {
      "10": [
        0.07468135130481127,
        0.5975312926040236
      ],
      "15": [
        0.44128324630292826,
        0.998423417716237
      ],
      "20": [
        0.8478679581120299,
        1.0
      ]
    },
    "walk_transit": {
      "10": [
        0.18889509595475326,
        0.6806649768898166
      ],
      "15": [
        0.5120798776610357,
        0.9986222372688291
      ],
      "20": [
        0.8598359194357594,
        1.0
      ]
    }
  }
}