{
  "zip": {
    "walk": {
      "10": [
        0.018792089398542478,
        0.3075243764765549
      ],
      "15": [
        0.09917901028033367,
        0.656843808810368
      ],
      "20": [
        0.34453535977002375,
        0.8761186103754529
      ]
    },
    "walk_transit": {
      "10": [
        0.09773207191720072,
        0.3765247362611139
      ],
      "15": [
        0.16139375147928348,
        0.6884757700685782
      ],
      "20": [
        0.3492729994401344,
        0.8881202199379784
      ]
    }
  },
  "tract_subgrid": {
    "walk": {
      "10": [
        0.0,
        0.0
      ],
      "15": [
        0.0,
        0.0014299432860315905
      ],
      "20": [
        0.0,
        0.9999999999999999
      ]
    },
    "walk_transit": {
      "10": [
        0.0,
        0.0
      ],
      "15": [
        0.0,
        0.4137412202825662
      ],
      "20": [
        0.0,
        0.9999999999999999
      ]
    }
  },
  "metro_grid": {
    "walk": {
      "10": [
        0.0,
        0.0
      ],
      "15": [
        0.0,
        0.0
      ],
      "20": [
        0.0,
        0.4966230604762354
      ]
    },
    "walk_transit": {
      "10": [
        0.0,
        0.0
      ],
      "15": [
        0.0,
        0.05937572596423462
      ],
      "20": [
        0.0,
        0.7179794510454452
      ]
    }
  },
  "tract": {
    "walk": {
      "10": [
        0.0,
        0.37389100126742714
      ],
      "15": [
        0.032776723930899906,
        0.9180187873612298
      ],
      "20": [
        0.3728975346433626,
        1.0
      ]
    },
    "walk_transit": {
      "10": [
        0.09977869311833584,
        0.5656317245619428
      ],
      "15": [
        0.22094172775232712,
        0.9410366143604375
      ],
      "20": [
        0.45254250192579853,
        1.0
      ]
    }
  }
}