{
  "zip": {
    "walk": {
      "10": [
        0.018792089398542478,
        0.3075243764765549
      ],
      "15": [
        0.09917901028033367,
        0.656843808810368
      ],
      "20": [
        0.34453535977002375,
        0.8761186103754529
      ]
    },
    "walk_transit": {
      "10": [
        0.14933365991273967,
        0.42342103085250277
      ],
      "15": [
        0.22761146988196126,
        0.6796958163674389
      ],
      "20": [
        0.37619169374025496,
        0.8792058213223363
      ]
    }
  },
  "tract_subgrid": {
    "walk": {
      "10": [
        0.0,
        0.0
      ],
      "15": [
        0.0,
        0.0014299432860315905
      ],
      "20": [
        0.0,
        0.9999999999999999
      ]
    },
    "walk_transit": {
      "10": [
        0.0,
        0.0
      ],
      "15": [
        0.0,
        0.4244192721670761
      ],
      "20": [
        0.0,
        0.9999999999999999
      ]
    }
  },
  "metro_grid": {
    "walk": {
      "10": [
        0.0,
        0.0
      ],
      "15": [
        0.0,
        0.0
      ],
      "20": [
        0.0,
        0.4966230604762354
      ]
    },
    "walk_transit": {
      "10": [
        0.0,
        0.0
      ],
      "15": [
        0.0,
        0.07145341647454458
      ],
      "20": [
        0.0,
        0.7671913142134007
      ]
    }
  },
  "tract": {
    "walk": {
      "10": [
        0.0,
        0.37389100126742714
      ],
      "15": [
        0.032776723930899906,
        0.9180187873612298
      ],
      "20": [
        0.3728975346433626,
        1.0
      ]
    },
    "walk_transit": {
      "10": [
        0.12692787345647066,
        0.5378031383737518
      ],
      "15": [
        0.23344592978346784,
        0.9331566548881036
      ],
      "20": [
        0.4636425196296559,
        1.0
      ]
    }
  }
}