{
  "zip": {
    "walk": {
      "10": [
        0.018792089398542478,
        0.3075243764765549
      ],
      "15": [
        0.09917901028033367,
        0.656843808810368
      ],
      "20": [
        0.34453535977002375,
        0.8761186103754529
      ]
    },
    "walk_transit": {
      "10": [
        0.09064905097710643,
        0.43005540824293254
      ],
      "15": [
        0.16484231020817283,
        0.6659977098463433
      ],
      "20": [
        0.35797146031694654,
        0.8761186103754529
      ]
    }
  },
  "tract_subgrid": {
    "walk": {
      "10": [
        0.0,
        0.0
      ],
      "15": [
        0.0,
        0.0014299432860315905
      ],
      "20": [
        0.0,
        0.9999999999999999
      ]
    },
    "walk_transit": {
      "10": [
        0.0,
        0.0
      ],
      "15": [
        0.0,
        0.3704591469281505
      ],
      "20": [
        0.0,
        0.9999999999999999
      ]
    }
  },
  "metro_grid": {
    "walk": {
      "10": [
        0.0,
        0.0
      ],
      "15": [
        0.0,
        0.0
      ],
      "20": [
        0.0,
        0.4966230604762354
      ]
    },
    "walk_transit": {
      "10": [
        0.0,
        0.0
      ],
      "15": [
        0.0,
        0.022751568871164297
      ],
      "20": [
        0.0,
        0.7203612229763094
      ]
    }
  },
  "tract": {
    "walk": {
      "10": [
        0.0,
        0.37389100126742714
      ],
      "15": [
        0.032776723930899906,
        0.9180187873612298
      ],
      "20": [
        0.3728975346433626,
        1.0
      ]
    },
    "walk_transit": {
      "10": [
        0.08896485920720008,
        0.5681198910081744
      ],
      "15": [
        0.21142810073811766,
        0.9363207547169812
      ],
      "20": [
        0.4669702110126327,
        1.0
      ]
    }
  }
}