{
  "zip": {
    "walk": {
      "10": [
        0.018792089398542478,
        0.3075243764765549
      ],
      "15": [
        0.09917901028033367,
        0.656843808810368
      ],
      "20": [
        0.34453535977002375,
        0.8761186103754529
      ]
    },
    "walk_transit": {
      "10": [
        0.2257679688805995,
        0.477940550081299
      ],
      "15": [
        0.258271038114324,
        0.7239860184508167
      ],
      "20": [
        0.4029802304561168,
        0.8970582600320999
      ]
    }
  },
  "tract": {
    "walk": {
      "10": [
        0.0,
        0.0
      ],
      "15": [
        0.0,
        0.0
      ],
      "20": [
        0.0,
        0.0
      ]
    },
    "walk_transit": {
      "10": [
        0.0,
        0.0
      ],
      "15": [
        0.0,
        0.0
      ],
      "20": [
        0.0,
        0.0
      ]
    }
  }
}