GEOID,POPULATION,coverage_pct,pop_with_access
02021,23615,0.0,0
02186,27590,0.0,0
02136,36417,0.0010693901458578572,39
02126,29807,0.006244600299891674,186
02131,34048,0.6504575518169738,22147
02121,29570,0.0007980605909571318,24
02130,42021,0.5266233868329269,22129
02119,27426,0.5226541964132921,14334
02120,15210,0.9864349981598841,15004
02115,29134,0.93247113470701,27167
02026,25316,0.007155530800466742,181
02132,28263,0.19364013334647281,5473
02492,20679,0.0,0
02494,10498,0.0,0
02481,16121,0.0,0
02464,3706,0.0,0
02459,18631,0.10987525460948748,2047
02461,6923,0.28433525379163405,1968
02467,22982,0.17517545310573193,4026
02445,20520,0.518007846973533,10630
02045,10478,0.0,0
02124,57128,0.0,0
02171,18227,0.0,0
02122,24874,0.033517802916815886,834
02125,34725,0.43152488745660095,14985
02127,36941,0.3814471889100023,14091
02118,28892,0.880521342898851,25440
02210,4538,0.14416850648192206,654
02111,7949,0.993776363095122,7900
02116,23007,0.8423558756344184,19380
02468,5522,0.5996135490639157,3311
02462,1222,0.06675709539822129,82
02466,9292,0.41914018167099787,3895
02465,11967,0.09760935397657262,1168
02135,45496,0.6451968126111093,29354
02460,9885,0.05098992365716989,504
02458,12050,0.2174825012069386,2621
02493,12103,0.0,0
02453,29289,0.23331137400676125,6833
02472,35951,0.7017830364928441,25230
02446,29711,0.9764934480552444,29013
02215,26243,0.837315788232946,21974
02199,1435,1.0,1435
02134,19552,0.8286899470258606,16203
02142,4074,0.7335248563412162,2988
02139,39702,0.7110214203165955,28229
02163,2343,0.9834553267294032,2304
02141,14437,0.978952694786501,14133
02138,39139,0.7199801924704935,28179
02143,25102,0.7192086405775467,18054
02110,2340,0.8065753776301886,1887
02108,4520,0.9999999999999999,4520
02203,24,0.9999999999999997,24
02114,13260,0.8782387968308141,11645
02109,3639,0.6804397366569503,2476
02113,7339,1.0,7339
02152,18558,0.0,0
02128,47804,0.15336289172497136,7331
02129,20504,0.3382906530042193,6936
02150,39862,0.0,0
02140,20954,0.6794859926960384,14238
02478,26123,0.003643981577255031,95
02474,27853,0.09785700255425848,2726
02145,28372,0.4418464961655872,12536
02144,25009,0.5737566382973691,14349
02155,60533,0.29349457603428913,17766
02149,46275,0.0,0
02151,53416,0.6187652676766383,33052
