{
  "zip": {
    "walk": {
      "10": [
        0.012918589143124475,
        0.27301167218263456
      ],
      "15": [
        0.07565322075149641,
        0.573410546793742
      ],
      "20": [
        0.13795861203638574,
        0.761116837770871
      ]
    },
    "walk_transit": {
      "10": [
        0.0370069558104511,
        0.34457597823902286
      ],
      "15": [
        0.07748484538517174,
        0.5887442621279915
      ],
      "20": [
        0.1390882708413612,
        0.7754403760439701
      ]
    }
  },
  "tract_subgrid": {
    "walk": {
      "10": [
        0.0,
        0.0
      ],
      "15": [
        0.0,
        0.0
      ],
      "20": [
        0.0,
        0.0
      ]
    },
    "walk_transit": {
      "10": [
        0.0,
        0.0
      ],
      "15": [
        0.0,
        0.0
      ],
      "20": [
        0.0,
        0.0
      ]
    }
  },
  "metro_grid": {
    "walk": {
      "10": [
        0.0,
        0.0
      ],
      "15": [
        0.0,
        0.0
      ],
      "20": [
        0.0,
        0.0
      ]
    },
    "walk_transit": {
      "10": [
        0.0,
        0.0
      ],
      "15": [
        0.0,
        0.0
      ],
      "20": [
        0.0,
        0.0
      ]
    }
  },
  "tract": {
    "walk": {
      "10": [
        0.005416354896978232,
        0.5578245600708512
      ],
      "15": [
        0.16092237214725968,
        0.9953603031102372
      ],
      "20": [
        0.4839802950610279,
        1.0
      ]
    },
    "walk_transit": {
      "10": [
        0.07702440012509239,
        0.6213946242458993
      ],
      "15": [
        0.2590809173202828,
        0.9982239947860397
      ],
      "20": [
        0.5547211722216142,
        1.0
      ]
    }
  }
}