{
  "metros": {
    "boston_ma_nh": {
      "name": "Boston Ma Nh",
      "center": [
        42.32303335,
        -71.03740665000001
      ],
      "zoom": 9,
      "geographies": [
        "metro_grid",
        "tract",
        "tract_subgrid",
        "zip"
      ],
      "modes": [
        "walk",
        "walk_transit"
      ],
      "minutes": [
        10,
        15,
        20
      ],
      "has_boundary": true,
      "has_usda": false,
      "breaks": {
        "zip": {
          "walk": {
            "10": [
              0.018792089398542478,
              0.3075243764765549
            ],
            "15": [
              0.09917901028033367,
              0.656843808810368
            ],
            "20": [
              0.34453535977002375,
              0.8761186103754529
            ]
          },
          "walk_transit": {
            "10": [
              0.10887221219337645,
              0.4089642441574121
            ],
            "15": [
              0.18120484470414233,
              0.682168687977716
            ],
            "20": [
              0.3619475656123026,
              0.8779194255094617
            ]
          }
        },
        "tract_subgrid": {
          "walk": {
            "10": [
              0.0,
              0.0
            ],
            "15": [
              0.0,
              0.001185064650767285
            ],
            "20": [
              0.0,
              0.9999999999999999
            ]
          },
          "walk_transit": {
            "10": [
              0.0,
              0.0
            ],
            "15": [
              0.0,
              0.43310339698905537
            ],
            "20": [
              0.0,
              0.9999999999999999
            ]
          }
        },
        "metro_grid": {
          "walk": {
            "10": [
              0.0,
              0.0
            ],
            "15": [
              0.0,
              0.0
            ],
            "20": [
              0.0,
              0.4966230604762354
            ]
          },
          "walk_transit": {
            "10": [
              0.0,
              0.0
            ],
            "15": [
              0.0,
              0.05573911439397899
            ],
            "20": [
              0.0,
              0.7184690726721362
            ]
          }
        },
        "tract": {
          "walk": {
            "10": [
              0.0,
              0.36126840317100795
            ],
            "15": [
              0.023659598643438376,
              0.908284023668639
            ],
            "20": [
              0.3417866777264502,
              1.0
            ]
          },
          "walk_transit": {
            "10": [
              0.1115149868089762,
              0.5810751748251748
            ],
            "15": [
              0.22209659680472885,
              0.9331566548881036
            ],
            "20": [
              0.4344559888467942,
              1.0
            ]
          }
        }
      }
    },
    "los_angeles_ca": {
      "name": "Los Angeles Ca",
      "center": [
        33.9984235,
        -118.17107355
      ],
      "zoom": 9,
      "geographies": [],
      "modes": [],
      "minutes": [],
      "has_boundary": true,
      "has_usda": false
    },
    "new_york_ny_nj": {
      "name": "New York Ny Nj",
      "center": [
        40.697104,
        -73.97953799999999
      ],
      "zoom": 9,
      "geographies": [
        "zip"
      ],
      "modes": [
        "walk",
        "walk_transit"
      ],
      "minutes": [
        10,
        15,
        20
      ],
      "has_boundary": true,
      "has_usda": false,
      "breaks": {
        "zip": {
          "walk": {
            "10": [
              0.0,
              0.45431480335430546
            ],
            "15": [
              0.024749660669422472,
              0.7709785954165708
            ],
            "20": [
              0.07736607253379744,
              0.9584021633179576
            ]
          },
          "walk_transit": {
            "10": [
              0.03367448584398177,
              0.5123282944699578
            ],
            "15": [
              0.11496830314321736,
              0.7827063624670534
            ],
            "20": [
              0.1366284524696473,
              0.9584627416548677
            ]
          }
        },
        "tract": {
          "walk": {
            "10": [
              0.0,
              0.0
            ],
            "15": [
              0.0,
              0.0
            ],
            "20": [
              0.0,
              0.0
            ]
          },
          "walk_transit": {
            "10": [
              0.0,
              0.0
            ],
            "15": [
              0.0,
              0.0
            ],
            "20": [
              0.0,
              0.0
            ]
          }
        }
      }
    }
  }
}