{
  "metros": {
    "boston_ma_nh": {
      "name": "Boston Ma Nh",
      "center": [
        42.31608525,
        -71.03740665000001
      ],
      "zoom": 9,
      "geographies": [
        "zip"
      ],
      "modes": [
        "walk",
        "walk_transit"
      ],
      "minutes": [
        10,
        15,
        20
      ],
      "has_boundary": true,
      "has_usda": false,
      "breaks": {
        "zip": {
          "walk": {
            "10": [
              0.0,
              0.25689164063616116
            ],
            "15": [
              0.001009697643779698,
              0.6435874363306687
            ],
            "20": [
              0.08410102373321701,
              0.7958153046969361
            ]
          },
          "walk_transit": {
            "10": [
              0.23208951829218327,
              0.5716723116302094
            ],
            "15": [
              0.2815073529934197,
              0.7146211005543676
            ],
            "20": [
              0.3363382144107036,
              0.8441628768478509
            ]
          }
        },
        "tract": {
          "walk": {
            "10": [
              0.0,
              0.0
            ],
            "15": [
              0.0,
              0.0
            ],
            "20": [
              0.0,
              0.0
            ]
          },
          "walk_transit": {
            "10": [
              0.0,
              0.0
            ],
            "15": [
              0.0,
              0.0
            ],
            "20": [
              0.0,
              0.0
            ]
          }
        }
      }
    }
  }
}