{
  "metros": {
    "boston_ma_nh": {
      "name": "Boston Ma Nh",
      "center": [
        42.32303335,
        -71.03740665000001
      ],
      "zoom": 9,
      "geographies": [
        "metro_grid",
        "tract",
        "tract_subgrid",
        "zip"
      ],
      "modes": [
        "walk",
        "walk_transit"
      ],
      "minutes": [
        10,
        15,
        20
      ],
      "has_boundary": true,
      "has_usda": false,
      "breaks": {
        "zip": {
          "walk": {
            "10": [
              0.018792089398542478,
              0.3075243764765549
            ],
            "15": [
              0.09917901028033367,
              0.656843808810368
            ],
            "20": [
              0.34453535977002375,
              0.8761186103754529
            ]
          },
          "walk_transit": {
            "10": [
              0.16344807676127304,
              0.40626791912355165
            ],
            "15": [
              0.20455448762923442,
              0.6773814747742443
            ],
            "20": [
              0.37460414856145213,
              0.878154551945079
            ]
          }
        },
        "tract_subgrid": {
          "walk": {
            "10": [
              0.0,
              0.0
            ],
            "15": [
              0.0,
              0.0014299432860315905
            ],
            "20": [
              0.0,
              0.9999999999999999
            ]
          },
          "walk_transit": {
            "10": [
              0.0,
              0.0
            ],
            "15": [
              0.0,
              0.4899554656676903
            ],
            "20": [
              0.0,
              0.9999999999999999
            ]
          }
        },
        "metro_grid": {
          "walk": {
            "10": [
              0.0,
              0.0
            ],
            "15": [
              0.0,
              0.0
            ],
            "20": [
              0.0,
              0.4966230604762354
            ]
          },
          "walk_transit": {
            "10": [
              0.0,
              0.0
            ],
            "15": [
              0.0,
              0.11230956567230006
            ],
            "20": [
              0.0,
              0.7501322612487594
            ]
          }
        },
        "tract": {
          "walk": {
            "10": [
              0.0,
              0.37389100126742714
            ],
            "15": [
              0.032776723930899906,
              0.9180187873612298
            ],
            "20": [
              0.3728975346433626,
              1.0
            ]
          },
          "walk_transit": {
            "10": [
              0.14561289685153472,
              0.5553941908713693
            ],
            "15": [
              0.26668100357306956,
              0.9364431486880467
            ],
            "20": [
              0.5117711817316877,
              1.0
            ]
          }
        }
      }
    },
    "los_angeles_ca": {
      "name": "Los Angeles Ca",
      "center": [
        33.9984235,
        -118.17107355
      ],
      "zoom": 9,
      "geographies": [],
      "modes": [],
      "minutes": [],
      "has_boundary": true,
      "has_usda": false
    },
    "new_york_ny_nj": {
      "name": "New York Ny Nj",
      "center": [
        40.697104,
        -73.97953799999999
      ],
      "zoom": 9,
      "geographies": [
        "zip"
      ],
      "modes": [
        "walk",
        "walk_transit"
      ],
      "minutes": [
        10,
        15,
        20
      ],
      "has_boundary": true,
      "has_usda": false,
      "breaks": {
        "zip": {
          "walk": {
            "10": [
              0.0,
              0.45431480335430546
            ],
            "15": [
              0.024749660669422472,
              0.7709785954165708
            ],
            "20": [
              0.07736607253379744,
              0.9584021633179576
            ]
          },
          "walk_transit": {
            "10": [
              0.03367448584398177,
              0.5123282944699578
            ],
            "15": [
              0.11496830314321736,
              0.7827063624670534
            ],
            "20": [
              0.1366284524696473,
              0.9584627416548677
            ]
          }
        },
        "tract": {
          "walk": {
            "10": [
              0.0,
              0.0
            ],
            "15": [
              0.0,
              0.0
            ],
            "20": [
              0.0,
              0.0
            ]
          },
          "walk_transit": {
            "10": [
              0.0,
              0.0
            ],
            "15": [
              0.0,
              0.0
            ],
            "20": [
              0.0,
              0.0
            ]
          }
        }
      }
    }
  }
}