{
  "zip": {
    "walk": {
      "10": [
        0.0,
        0.0688114970177177
      ],
      "15": [
        1.512428746576546e-07,
        0.23184215739420075
      ],
      "20": [
        0.009252770077774718,
        0.40517561283003783
      ]
    },
    "walk_transit": {
      "10": [
        0.0,
        0.09571555185147902
      ],
      "15": [
        0.006284343015631976,
        0.2409864159562133
      ],
      "20": [
        0.024310418900668818,
        0.4151828685444902
      ]
    }
  },
  "tract_subgrid": {
    "walk": {
      "10": [
        0.0,
        0.0
      ],
      "15": [
        0.0,
        0.0
      ],
      "20": [
        0.0,
        0.0
      ]
    },
    "walk_transit": {
      "10": [
        0.0,
        0.0
      ],
      "15": [
        0.0,
        0.0
      ],
      "20": [
        0.0,
        0.0
      ]
    }
  },
  "metro_grid": {
    "walk": {
      "10": [
        0.0,
        0.0
      ],
      "15": [
        0.0,
        0.0
      ],
      "20": [
        0.0,
        0.0
      ]
    },
    "walk_transit": {
      "10": [
        0.0,
        0.0
      ],
      "15": [
        0.0,
        0.0
      ],
      "20": [
        0.0,
        0.0
      ]
    }
  },
  "tract": {
    "walk": {
      "10": [
        0.0,
        0.014264900971061773
      ],
      "15": [
        0.0,
        0.2796073930352525
      ],
      "20": [
        0.0,
        0.7880687645790884
      ]
    },
    "walk_transit": {
      "10": [
        0.0,
        0.08111572103579329
      ],
      "15": [
        0.0,
        0.3141462464661249
      ],
      "20": [
        0.0002479388118274852,
        0.7926074741868389
      ]
    }
  }
}