{
  "zip": {
    "walk": {
      "10": [
        0.005737565524676121,
        0.03396813734492789
      ],
      "15": [
        0.02051009822776984,
        0.11284832881796836
      ],
      "20": [
        0.045427317171241516,
        0.2103075686974769
      ]
    },
    "walk_transit": {
      "10": [
        0.011566883800541449,
        0.06418257245397865
      ],
      "15": [
        0.02781808772198564,
        0.15385813020971584
      ],
      "20": [
        0.055692119846096774,
        0.27718306287662386
      ]
    }
  },
  "tract_subgrid": {
    "walk": {
      "10": [
        0.0,
        0.0
      ],
      "15": [
        0.0,
        0.0
      ],
      "20": [
        0.0,
        0.0
      ]
    },
    "walk_transit": {
      "10": [
        0.0,
        0.0
      ],
      "15": [
        0.0,
        0.0
      ],
      "20": [
        0.0,
        0.0
      ]
    }
  },
  "metro_grid": {
    "walk": {
      "10": [
        0.0,
        0.0
      ],
      "15": [
        0.0,
        0.0
      ],
      "20": [
        0.0,
        0.0
      ]
    },
    "walk_transit": {
      "10": [
        0.0,
        0.0
      ],
      "15": [
        0.0,
        0.0
      ],
      "20": [
        0.0,
        0.0
      ]
    }
  },
  "tract": {
    "walk": {
      "10": [
        0.0,
        0.0003521367759843879
      ],
      "15": [
        0.0,
        0.05599741668106071
      ],
      "20": [
        0.0,
        0.242129156604705
      ]
    },
    "walk_transit": {
      "10": [
        0.0,
        0.0653304729509558
      ],
      "15": [
        0.0,
        0.11957486229403476
      ],
      "20": [
        0.0006202744345489577,
        0.26593799392097267
      ]
    }
  }
}