{
  "zip": {
    "walk": {
      "10": [
        0.0,
        0.12854683488257465
      ],
      "15": [
        0.009551812118665662,
        0.30438718718594865
      ],
      "20": [
        0.07489579797858893,
        0.5045206264397416
      ]
    },
    "walk_transit": {
      "10": [
        0.05974257637506592,
        0.2081343771813175
      ],
      "15": [
        0.09543736937744542,
        0.3417401864204588
      ],
      "20": [
        0.15754478354911852,
        0.5231238688869523
      ]
    }
  },
  "tract_subgrid": {
    "walk": {
      "10": [
        0.0,
        0.0
      ],
      "15": [
        0.0,
        0.0
      ],
      "20": [
        0.0,
        0.9971363472568405
      ]
    },
    "walk_transit": {
      "10": [
        0.0,
        0.0
      ],
      "15": [
        0.0,
        0.16768741456897351
      ],
      "20": [
        0.0,
        0.9999999999999998
      ]
    }
  },
  "metro_grid": {
    "walk": {
      "10": [
        0.0,
        0.0
      ],
      "15": [
        0.0,
        0.0
      ],
      "20": [
        0.0,
        0.8749722069245731
      ]
    },
    "walk_transit": {
      "10": [
        0.0,
        0.0
      ],
      "15": [
        0.0,
        0.1283212928551446
      ],
      "20": [
        0.0,
        0.939696426329291
      ]
    }
  },
  "tract": {
    "walk": {
      "10": [
        0.0,
        0.09353847143030754
      ],
      "15": [
        0.0,
        0.39473369148420784
      ],
      "20": [
        0.09123936926520874,
        0.7698912243590454
      ]
    },
    "walk_transit": {
      "10": [
        0.019004091144673406,
        0.21283271452550911
      ],
      "15": [
        0.09026516969664877,
        0.4288390366906668
      ],
      "20": [
        0.1752528488716351,
        0.7906560584447551
      ]
    }
  }
}